gene_id	gene_name	chr	variant_pos	ref	alt	rs_id_dbSNP151_GRCh38p7	num_alt_per_site	slope	qval	log2_aFC	start	end
ENSG00000143951.15	WDPCP	chr2	63425269	C	T	rs10164844	1	-0.30249	0.00190052	-0.268383	62803880	63676758
ENSG00000250138.4	RP11-848G14.5	chr5	70047054	T	C	rs580638	1	-0.515562	0.0335795	-1.250515	69490373	71380088
ENSG00000253203.6	GUSBP3	chr5	70079392	A	G	rs212211	1	-0.916101	5.70009e-13	-3.203283	69490373	71380088
ENSG00000198237.8	RP11-98J23.2	chr5	69511373	T	C	rs28431145	1	-0.561635	0.000747356	-1.337305	69490373	71380088
ENSG00000205572.9	SERF1B	chr5	71008133	G	A	rs143841352	1	0.491866	0.00696267	0.845478	69490373	71380088
ENSG00000205571.13	SMN2	chr5	70264207	A	C	rs200666686	1	-0.464694	0.00312422	-1.163806	69490373	71380088
ENSG00000179978.11	RP11-1319K7.1	chr5	69554960	CAG	C	rs34202353	1	0.710252	0.00307388	0.803369	69490373	71380088
ENSG00000254701.3	RP11-1415C14.4	chr5	71189580	GAA	G	rs202002140	1	0.698203	0.000667251	0.934021	69490373	71380088
ENSG00000226259.10	GTF2H2B	chr5	70442547	TTTGGGAGACCGAGGCAGGTGGGTCACCTGAGG	T	rs145211065	1	-1.28457	1.27003e-25	-3.429389	69490373	71380088
ENSG00000253333.1	RP11-497H16.8	chr5	70629284	G	A	rs28575945	1	-0.958044	1.72964e-20	-3.611417	69490373	71380088
ENSG00000172058.15	SERF1A	chr5	70960448	T	C	rs150490	1	-1.11787	1.37516e-18	-2.381963	69490373	71380088
ENSG00000145736.14	GTF2H2	chr5	71044045	G	T	rs150892208	1	-0.917953	2.65307e-21	-2.48626	69490373	71380088
ENSG00000230847.4	RP11-195E2.1	chr5	71044045	G	T	rs150892208	1	-0.838901	1.38823e-20	-3.98967	69490373	71380088
ENSG00000251634.2	RP11-1280N14.3	chr5	71380088	G	A	rs144905389	1	-0.77083	0.0335317	-3.357183	69490373	71380088
ENSG00000254507.2	RP11-481A20.10	chr8	12014536	C	A	rs9694820	1	0.522802	8.38315e-05	0.791284	11974344	12619270
ENSG00000254866.2	DEFB109P3	chr8	12349480	T	C	rs565969147	1	0.990387	0.00457187	1.957784	11974344	12619270
ENSG00000249889.1	ALG1L11P	chr8	12323012	C	T	rs34866838	1	0.527209	0.00633508	1.171287	11974344	12619270
ENSG00000186523.14	FAM86B1	chr8	12208412	G	A	rs370174321	1	-1.0747	0.0326682	-2.934868	11974344	12619270
ENSG00000255495.1	AC145124.2	chr8	12375616	CGAGA	C	rs141262301	1	1.00677	6.2705e-09	1.972188	11974344	12619270
ENSG00000227888.4	FAM66A	chr8	12342321	A	G	rs1851204	1	0.951755	5.84943e-20	2.857404	11974344	12619270
ENSG00000254423.1	RP11-351I21.7	chr8	12342090	T	A	rs13260556	1	0.486005	0.00153634	1.379169	11974344	12619270
ENSG00000255556.2	RP11-351I21.6	chr8	12342321	A	G	rs1851204	1	0.633442	5.16239e-08	2.347711	11974344	12619270
ENSG00000270074.1	RP11-351I21.11	chr8	12147837	C	T	rs13252938	1	0.845679	1.24622e-07	3.110308	11974344	12619270
ENSG00000251402.3	FAM90A25P	chr8	12002742	T	G	rs10103228	1	0.579977	0.000826541	1.526265	11974344	12619270
ENSG00000250794.2	ALG1L12P	chr8	12384523	T	C	rs2979547	1	-0.542723	0.0234664	-0.795955	11974344	12619270
ENSG00000145002.12	FAM86B2	chr8	12133940	G	A	rs75826165	1	0.665186	0.000208071	1.314914	11974344	12619270
ENSG00000154359.12	LONRF1	chr8	12185451	T	G	rs200259072	1	-2.17708	0.0415681	-1.860066	11974344	12619270
ENSG00000180229.12	HERC2P3	chr15	20408035	TAGAA	T	rs543661120	1	-0.645452	0.015546	-5.3778	20002193	23107209
ENSG00000276550.4	HERC2P2	chr15	22574358	G	GTGAAGGGTGGC	rs1367673330	1	-0.629008	1.50162e-08	-1.552099	20002193	23107209
ENSG00000276141.4	WHAMMP3	chr15	22680271	G	T	rs62000573	1	0.584308	6.33496e-05	0.33942	20002193	23107209
ENSG00000274253.4	RP11-566K19.6	chr15	22754046	G	T	rs12439004	1	0.32502	1.40576e-08	0.418995	20002193	23107209
ENSG00000170113.15	NIPA1	chr15	22806332	G	A	rs7168367	1	0.469167	9.61911e-07	0.578356	20002193	23107209
ENSG00000259425.5	RP11-566K19.5	chr15	22766415	T	TA	rs397971904	1	0.428112	0.000575267	0.894295	20002193	23107209
ENSG00000140157.14	NIPA2	chr15	22271219	C	T	rs112827831	1	-3.4007	1.48879e-09	-6.643856	20002193	23107209
ENSG00000273749.4	CYFIP1	chr15	22271219	C	T	rs112827831	1	-4.19485	3.10117e-08	-6.643856	20002193	23107209
ENSG00000275835.4	TUBGCP5	chr15	23049230	G	T	rs62008137	1	-0.504071	0.000195597	-0.369852	20002193	23107209
ENSG00000168806.7	LCMT2	chr15	43897445	C	T	rs28437196	1	-0.591821	0.00467805	-0.339288	43382625	43949207
ENSG00000237289.9	CKMT1B	chr15	43599228	C	G	rs144820945	1	-1.00649	0.00225066	-2.372783	43382625	43949207
ENSG00000242866.9	STRC	chr15	43632936	T	A	rs7169097	1	0.403643	5.57629e-10	1.068435	43382625	43949207
ENSG00000249839.1	AC011330.5	chr15	43632936	T	A	rs7169097	1	-0.714469	4.97381e-08	-1.464867	43382625	43949207
ENSG00000223572.9	CKMT1A	chr15	43550053	G	A	rs527495240	1	1.47568	0.00078086	1.186317	43382625	43949207
ENSG00000201136.1	RNU6-353P	chr15	43621678	C	G	rs28712213	1	-0.589082	0.014566	-0.989234	43382625	43949207
ENSG00000205771.6	CATSPER2P1	chr15	43721950	C	T	rs72714305	1	-1.24091	8.3288e-07	-2.344164	43382625	43949207
ENSG00000242028.6	HYPK	chr15	43881901	G	T	rs28413881	1	0.430151	0.0018202	0.497896	43382625	43949207
ENSG00000259429.5	UBE2Q2P2	chr15	82385006	A	G	rs142603713	1	0.486697	0.0039851	0.62012	82275404	82568075
ENSG00000197978.9	GOLGA6L9	chr15	82312897	G	A	rs4778675	1	-0.641784	1.29443e-07	-0.888382	82275404	82568075
ENSG00000266918.1	RP11-798G7.8	chr17	46359125	A	C	rs142995394	1	0.705385	2.94715e-05	2.31993	46006447	46784978
ENSG00000120088.14	CRHR1	chr17	46277614	C	A	rs2942178	1	-0.566216	0.00190921	-1.020148	46006447	46784978
ENSG00000261575.2	RP11-259G18.1	chr17	46208832	G	A	rs2732666	1	0.957725	5.27157e-12	1.672912	46006447	46784978
ENSG00000176681.14	LRRC37A	chr17	46551498	T	C	rs62073254	1	-1.08213	1.62202e-31	-2.534767	46006447	46784978
ENSG00000228696.8	ARL17B	chr17	46365276	T	C	rs62071364	1	-1.08092	1.71426e-16	-1.873497	46006447	46784978
ENSG00000260075.1	NSFP1	chr17	46550855	T	G	rs28398293	1	-1.20763	6.37273e-28	-3.129926	46006447	46784978
ENSG00000227117.6	HORMAD2-AS1	chr22	29788610	G	A	rs140147	1	-0.378165	0.000401018	-0.556207	29727401	30244225
ENSG00000100372.14	SLC25A17	chr22	40819668	T	C	rs13054099	1	0.288665	0.015204	0.152674	40679528	42140476
ENSG00000100380.13	ST13	chr22	41028899	C	A	rs117428413	1	0.332252	0.045472	0.140391	40679528	42140476
ENSG00000100395.14	L3MBTL2	chr22	41670123	C	T	rs56331825	1	-0.257589	0.00428032	-0.113149	40679528	42140476
ENSG00000100399.15	CHADL	chr22	40688848	C	A	rs192539655	1	-0.67718	0.048443	-0.727373	40679528	42140476
ENSG00000100401.19	RANGAP1	chr22	41199110	CTATT	C	rs199565296	1	-0.485317	0.0417525	-0.430597	40679528	42140476
ENSG00000100413.16	POLR3H	chr22	41324693	A	G	rs5758297	1	0.373015	1.29718e-07	0.176967	40679528	42140476
ENSG00000172346.14	CSDC2	chr22	41785494	T	C	rs139545	1	0.710541	2.74708e-08	1.265474	40679528	42140476
ENSG00000100417.11	PMM1	chr22	41848379	G	A	rs76302306	1	0.481852	0.0142744	0.254669	40679528	42140476
ENSG00000159958.6	TNFRSF13C	chr22	41937404	T	G	rs6002546	1	0.343628	0.023968	0.698595	40679528	42140476
ENSG00000100162.14	CENPM	chr22	41950038	C	CAG	rs78652883	1	0.681332	4.64204e-06	0.862763	40679528	42140476
ENSG00000205704.6	LINC00634	chr22	41949177	G	A	rs5751182	1	0.252764	0.000536259	0.227984	40679528	42140476
ENSG00000183066.14	WBP2NL	chr22	41951056	T	C	rs5996094	1	-0.550524	6.41369e-05	-0.490359	40679528	42140476
ENSG00000198951.11	NAGA	chr22	42020983	A	G	rs133339	1	0.301008	0.000143088	0.23598	40679528	42140476
ENSG00000183172.8	SMDT1	chr22	42106066	A	G	rs9611734	1	0.321833	9.49069e-06	0.175558	40679528	42140476
ENSG00000184983.9	NDUFA6	chr22	42090076	G	A	rs1989202	1	0.95638	3.47635e-12	0.520427	40679528	42140476
ENSG00000213790.2	OLA1P1	chr22	41885425	A	G	rs1052717	1	-0.438217	0.0417741	-0.785609	40679528	42140476
ENSG00000227370.1	RP4-669P10.19	chr22	42138592	G	A	rs2743450	1	0.584029	0.000893251	0.736311	40679528	42140476
ENSG00000281538.1	RP4-669P10.20	chr22	42138591	C	T	rs6002633	1	-0.533038	0.000659019	-0.537108	40679528	42140476
ENSG00000205702.10	CYP2D7	chr22	42072242	C	T	rs28605764	1	0.495849	1.70078e-09	0.604107	40679528	42140476
